model,perc_samples,task,auroc,auprc,auprc_c,ece,auroc_lower_ci,auroc_upper_ci,auprc_lower_ci,auprc_upper_ci,auprc_c_lower_ci,auprc_c_upper_ci,ece_lower_ci,ece_upper_ci,nboot,path_results
clmbr_stanford_cp,0.001,mortality_sql,0.9386832895888014,0.30387087260842816,0.9388852296256895,0.0020065037758555506,0.901959524164458,0.9676954098534938,0.1687259388287029,0.46151520293409204,0.9060526040989686,0.9654677268677595,0.000863780455241058,0.00406189278400402,10000,/hpf/projects/lsung/phi/projects/lguo/femr-on-sk/data/evaluate/adapter_models_subsample/clmbr_stanford_cp_0.001/mortality_sql/results.pkl
clmbr_stanford_cp,0.001,long_los_sql,0.812118050650061,0.4877954244175631,0.8062382484803383,0.00900101262789215,0.7971131405980724,0.8268751287956536,0.45331866279123395,0.5227682501966708,0.7904723544260951,0.8219462755384767,0.007699769534458587,0.02013127162264217,10000,/hpf/projects/lsung/phi/projects/lguo/femr-on-sk/data/evaluate/adapter_models_subsample/clmbr_stanford_cp_0.001/long_los_sql/results.pkl
clmbr_stanford_cp,0.001,readmission_sql,0.7758082797738125,0.2823806456174506,0.7875426981444608,0.00949515719928685,0.7488832777860948,0.8015677704949611,0.23709351307599724,0.33199109967893703,0.7629353979789757,0.8116852435237895,0.006119057230106325,0.015306802590640014,10000,/hpf/projects/lsung/phi/projects/lguo/femr-on-sk/data/evaluate/adapter_models_subsample/clmbr_stanford_cp_0.001/readmission_sql/results.pkl
clmbr_stanford_cp,0.001,anemia_lab_sql,0.9201175286701602,0.3334085518486141,0.913611794209253,0.005833922620788502,0.8983578183933487,0.93902900206424,0.2611405398691026,0.41704321860362314,0.8939537324826993,0.931495147331809,0.0044679254164416635,0.009876605184616978,10000,/hpf/projects/lsung/phi/projects/lguo/femr-on-sk/data/evaluate/adapter_models_subsample/clmbr_stanford_cp_0.001/anemia_lab_sql/results.pkl
clmbr_stanford_cp,0.001,hyperkalemia_lab_sql,0.8124712939963443,0.071213588296187,0.785339049742556,0.0058787472968035775,0.773087159721175,0.8500029501998758,0.040055521301733545,0.12281306326025365,0.7378083846361135,0.8304151433286214,0.003738720412473271,0.009084069540311183,10000,/hpf/projects/lsung/phi/projects/lguo/femr-on-sk/data/evaluate/adapter_models_subsample/clmbr_stanford_cp_0.001/hyperkalemia_lab_sql/results.pkl
clmbr_stanford_cp,0.001,hypoglycemia_lab_sql,0.9082003004319875,0.20588191593089183,0.9071568859296131,0.003306012216052243,0.8686895200577386,0.940785716060534,0.13475073775545607,0.3018341300202799,0.8761337693197446,0.9347630572866533,0.0019786826210429465,0.006714376461115196,10000,/hpf/projects/lsung/phi/projects/lguo/femr-on-sk/data/evaluate/adapter_models_subsample/clmbr_stanford_cp_0.001/hypoglycemia_lab_sql/results.pkl
clmbr_stanford_cp,0.001,hyponatremia_lab_sql,0.9107610566489561,0.051498427292499746,0.8997586288491032,0.0008552934377288333,0.850556918798754,0.9626211757265422,0.011960707178934578,0.21233755905075413,0.8353322825268739,0.954529435826619,0.0005718464279583218,0.0023332608297855534,10000,/hpf/projects/lsung/phi/projects/lguo/femr-on-sk/data/evaluate/adapter_models_subsample/clmbr_stanford_cp_0.001/hyponatremia_lab_sql/results.pkl
clmbr_stanford_cp,0.001,thrombocytopenia_lab_sql,0.9558002020562192,0.45617005635775343,0.9537789438707754,0.0028291751819651944,0.9392358075865737,0.9705273381289116,0.3629149974143123,0.5588075106605891,0.938195833007437,0.9675961453778641,0.0017558136230928125,0.005998187502725577,10000,/hpf/projects/lsung/phi/projects/lguo/femr-on-sk/data/evaluate/adapter_models_subsample/clmbr_stanford_cp_0.001/thrombocytopenia_lab_sql/results.pkl
clmbr_sk,0.8,mortality_sql,0.9632502187226597,0.4155634425405203,0.962063822850628,0.0017993739415873879,0.9418822923183755,0.9814108236249774,0.26030031211512694,0.57942352725035,0.9398024959996982,0.98031483960892,0.0006393194259641681,0.003758031188923821,10000,/hpf/projects/lsung/phi/projects/lguo/femr-on-sk/data/evaluate/adapter_models_subsample/clmbr_sk_0.8/mortality_sql/results.pkl
clmbr_sk,0.8,long_los_sql,0.846328441121387,0.5425148894343735,0.837732593387217,0.006210847545149113,0.8332528552074016,0.8593217641951243,0.5084546624650484,0.5764962247178627,0.8237124810329736,0.8514541087301681,0.006485170003417102,0.01822034375031118,10000,/hpf/projects/lsung/phi/projects/lguo/femr-on-sk/data/evaluate/adapter_models_subsample/clmbr_sk_0.8/long_los_sql/results.pkl
clmbr_sk,0.8,readmission_sql,0.7815586043889118,0.29537808542713123,0.7965186105533288,0.008734606481915971,0.7544804563742135,0.8077005274207585,0.2480984884425274,0.348509348565655,0.7716751317303365,0.8198973251221348,0.006528634312625817,0.01637330411052361,10000,/hpf/projects/lsung/phi/projects/lguo/femr-on-sk/data/evaluate/adapter_models_subsample/clmbr_sk_0.8/readmission_sql/results.pkl
clmbr_sk,0.8,anemia_lab_sql,0.9301746316548949,0.3928517107491006,0.9266185602897634,0.004015283012979296,0.9095568362542934,0.9480280648964469,0.3130870139830882,0.4754518099127228,0.9082184552268171,0.9430078241116592,0.0027630485675174113,0.007950404470135756,10000,/hpf/projects/lsung/phi/projects/lguo/femr-on-sk/data/evaluate/adapter_models_subsample/clmbr_sk_0.8/anemia_lab_sql/results.pkl
clmbr_sk,0.8,hyperkalemia_lab_sql,0.8427285935229882,0.08799740427991407,0.8156413815404225,0.0053703876437500644,0.8078738641340515,0.8744665367447438,0.04969349909125547,0.14811300875274921,0.7724759923901083,0.854111948029778,0.00338014751488492,0.008651249277075522,10000,/hpf/projects/lsung/phi/projects/lguo/femr-on-sk/data/evaluate/adapter_models_subsample/clmbr_sk_0.8/hyperkalemia_lab_sql/results.pkl
clmbr_sk,0.8,hypoglycemia_lab_sql,0.9237350600397466,0.2381512654268758,0.922796621040934,0.004695111513176888,0.8887444965046413,0.9530580590134917,0.16234121641211016,0.34948780212910313,0.8954521600771823,0.9470820612354361,0.002249550280365462,0.007432806806716217,10000,/hpf/projects/lsung/phi/projects/lguo/femr-on-sk/data/evaluate/adapter_models_subsample/clmbr_sk_0.8/hypoglycemia_lab_sql/results.pkl
clmbr_sk,0.8,hyponatremia_lab_sql,0.9408316495796851,0.05910164280738371,0.9321562015505042,0.0005112128530582823,0.8960981874738108,0.9798285472506852,0.0235615453540902,0.13962911970501415,0.88368033208001,0.9730231427487932,0.00045517751291602294,0.002065070094909717,10000,/hpf/projects/lsung/phi/projects/lguo/femr-on-sk/data/evaluate/adapter_models_subsample/clmbr_sk_0.8/hyponatremia_lab_sql/results.pkl
clmbr_sk,0.8,thrombocytopenia_lab_sql,0.9672071340372286,0.568128543497143,0.9662715038368959,0.0020640058772886183,0.9534468909785079,0.9788932732181229,0.4759140947478112,0.6614809497705357,0.9536825201930489,0.9772403637261825,0.0010131970216387043,0.005258597511207396,10000,/hpf/projects/lsung/phi/projects/lguo/femr-on-sk/data/evaluate/adapter_models_subsample/clmbr_sk_0.8/thrombocytopenia_lab_sql/results.pkl
clmbr_sk,0.4,mortality_sql,0.961596675415573,0.3778027439094767,0.9592847561589323,0.002159900311999223,0.9391607937239272,0.9795998208151346,0.22806040381382248,0.543021215731016,0.9370528126630525,0.9776708994851141,0.0007350925108906343,0.004119827343997944,10000,/hpf/projects/lsung/phi/projects/lguo/femr-on-sk/data/evaluate/adapter_models_subsample/clmbr_sk_0.4/mortality_sql/results.pkl
clmbr_sk,0.4,long_los_sql,0.8394028639635429,0.5325130380489196,0.8319237333432074,0.00948125864338024,0.8259261044205115,0.8529532476643193,0.4984429161443431,0.567839499124872,0.8176759980131981,0.8460831348402226,0.00756195215922215,0.020263564062927147,10000,/hpf/projects/lsung/phi/projects/lguo/femr-on-sk/data/evaluate/adapter_models_subsample/clmbr_sk_0.4/long_los_sql/results.pkl
clmbr_sk,0.4,readmission_sql,0.7817257069410091,0.30729815486227535,0.7966949996197105,0.004234028449608834,0.7547283589395565,0.8074506632050704,0.25892638409656604,0.35948084086299786,0.771653523965954,0.8201377650021369,0.00461241782518085,0.013081144283764272,10000,/hpf/projects/lsung/phi/projects/lguo/femr-on-sk/data/evaluate/adapter_models_subsample/clmbr_sk_0.4/readmission_sql/results.pkl
clmbr_sk,0.4,anemia_lab_sql,0.9307561042758412,0.3750462000281845,0.9248937263576883,0.0035668312755992074,0.9115049819160298,0.9476677656826132,0.29761010088154527,0.4554790393688772,0.9071132413465576,0.9408547772849462,0.003160820670973509,0.00811538386235787,10000,/hpf/projects/lsung/phi/projects/lguo/femr-on-sk/data/evaluate/adapter_models_subsample/clmbr_sk_0.4/anemia_lab_sql/results.pkl
clmbr_sk,0.4,hyperkalemia_lab_sql,0.8236771804846041,0.06851151849496205,0.799839523114425,0.006069368751852135,0.7858600078970537,0.8589495434768538,0.0437183087352742,0.11715294622625955,0.7545335938882719,0.841918858536626,0.00366105137790755,0.009112544950793037,10000,/hpf/projects/lsung/phi/projects/lguo/femr-on-sk/data/evaluate/adapter_models_subsample/clmbr_sk_0.4/hyperkalemia_lab_sql/results.pkl
clmbr_sk,0.4,hypoglycemia_lab_sql,0.9138077421883019,0.22122450780304376,0.9092203065060029,0.0027378082699514423,0.8824488361557785,0.941630584502147,0.14440299965984654,0.3310784612513894,0.8801153893123359,0.9357563974098173,0.0015309300222180783,0.006082884671667979,10000,/hpf/projects/lsung/phi/projects/lguo/femr-on-sk/data/evaluate/adapter_models_subsample/clmbr_sk_0.4/hypoglycemia_lab_sql/results.pkl
clmbr_sk,0.4,hyponatremia_lab_sql,0.9051360722392676,0.08039650446764685,0.9185071311355543,0.0008751964658942399,0.7830268979635022,0.9781535947827806,0.025210333710380253,0.2411630235625517,0.8378431130099931,0.9748644775242145,0.0006392473472655336,0.0023218291567429204,10000,/hpf/projects/lsung/phi/projects/lguo/femr-on-sk/data/evaluate/adapter_models_subsample/clmbr_sk_0.4/hyponatremia_lab_sql/results.pkl
clmbr_sk,0.4,thrombocytopenia_lab_sql,0.9677155761573661,0.5158204079209607,0.9647239715345152,0.0021138797507443915,0.9552067854907679,0.9785690394355103,0.42383062555050993,0.6085295407442467,0.9525704606788715,0.9754221719363746,0.001432463209165567,0.005245502323549379,10000,/hpf/projects/lsung/phi/projects/lguo/femr-on-sk/data/evaluate/adapter_models_subsample/clmbr_sk_0.4/thrombocytopenia_lab_sql/results.pkl
clmbr_sk,0.01,mortality_sql,0.9326946631671043,0.1918967247519629,0.9275535302441091,0.0019152585061969832,0.9008770791110154,0.9599008488640373,0.09878401759602029,0.3331289667898967,0.8935212348278947,0.9560593440152372,0.0008853027384268805,0.004043792750390809,10000,/hpf/projects/lsung/phi/projects/lguo/femr-on-sk/data/evaluate/adapter_models_subsample/clmbr_sk_0.01/mortality_sql/results.pkl
clmbr_sk,0.01,long_los_sql,0.7722714733871641,0.40372162182361787,0.7600609911727099,0.009979744100806032,0.7554434418971447,0.7885581214452413,0.3716180543400014,0.439111804881521,0.7426664944066286,0.7775890964109862,0.008890087159954619,0.022220989911135677,10000,/hpf/projects/lsung/phi/projects/lguo/femr-on-sk/data/evaluate/adapter_models_subsample/clmbr_sk_0.01/long_los_sql/results.pkl
clmbr_sk,0.01,readmission_sql,0.7258482950547629,0.2317959004389098,0.7516890743627931,0.011602183878606544,0.6935927508640025,0.7559476851333732,0.19216812358820845,0.2790871639379635,0.7233884051160154,0.7785641940520741,0.00886453387717599,0.019225493864142126,10000,/hpf/projects/lsung/phi/projects/lguo/femr-on-sk/data/evaluate/adapter_models_subsample/clmbr_sk_0.01/readmission_sql/results.pkl
clmbr_sk,0.01,anemia_lab_sql,0.8663550448089921,0.2178552008550228,0.863683924742543,0.003336792018787164,0.8347645426157954,0.8949645044684587,0.1668289990073969,0.28884803639539675,0.8355106713042249,0.8896377892825119,0.0032743214029800857,0.008345465097222065,10000,/hpf/projects/lsung/phi/projects/lguo/femr-on-sk/data/evaluate/adapter_models_subsample/clmbr_sk_0.01/anemia_lab_sql/results.pkl
clmbr_sk,0.01,hyperkalemia_lab_sql,0.7858274359094531,0.05930662376013437,0.7674611963924505,0.005227113406565247,0.7391361709793279,0.8291934847665914,0.03674270809737873,0.10803908938699942,0.7163792376274849,0.8158946200004047,0.003615899233517902,0.008676318071690453,10000,/hpf/projects/lsung/phi/projects/lguo/femr-on-sk/data/evaluate/adapter_models_subsample/clmbr_sk_0.01/hyperkalemia_lab_sql/results.pkl
clmbr_sk,0.01,hypoglycemia_lab_sql,0.8401389264688045,0.10974179547267619,0.8418262701394075,0.003464359333129426,0.7900874659054251,0.8860262972650949,0.07018160331847485,0.18114151626752117,0.7995073701469316,0.8812484261459423,0.002266512520889047,0.006743286459603921,10000,/hpf/projects/lsung/phi/projects/lguo/femr-on-sk/data/evaluate/adapter_models_subsample/clmbr_sk_0.01/hypoglycemia_lab_sql/results.pkl
clmbr_sk,0.01,hyponatremia_lab_sql,0.8612212826461123,0.030988680703514414,0.8732230906893327,0.0014992312298142214,0.7171953619577857,0.9587707597487527,0.01096148581159218,0.08005156079500952,0.7802000874526698,0.9484664936118381,0.0009973017130813356,0.0030145718780198944,10000,/hpf/projects/lsung/phi/projects/lguo/femr-on-sk/data/evaluate/adapter_models_subsample/clmbr_sk_0.01/hyponatremia_lab_sql/results.pkl
clmbr_sk,0.01,thrombocytopenia_lab_sql,0.9120114498524197,0.3162868485625718,0.9115500194264204,0.0031183557435840534,0.8849458227739752,0.9369534897759985,0.23149197803664284,0.41214987575119194,0.8873051234660772,0.9339102019995622,0.002406809094095221,0.0069314252785392105,10000,/hpf/projects/lsung/phi/projects/lguo/femr-on-sk/data/evaluate/adapter_models_subsample/clmbr_sk_0.01/thrombocytopenia_lab_sql/results.pkl
clmbr_stanford_cp,0.01,mortality_sql,0.9331758530183727,0.3122788457415963,0.9344724382904697,0.001893915934018789,0.8941939860511053,0.964533941367348,0.17496260220618376,0.4757606813581504,0.9002109328869898,0.9625313332646426,0.0008035543141572069,0.00385786761721593,10000,/hpf/projects/lsung/phi/projects/lguo/femr-on-sk/data/evaluate/adapter_models_subsample/clmbr_stanford_cp_0.01/mortality_sql/results.pkl
clmbr_stanford_cp,0.01,long_los_sql,0.8124284552492111,0.4881807866263683,0.8070049865412369,0.012163429737484435,0.7970357472103402,0.8275061410360703,0.4539200464303259,0.5229825746617106,0.791187727603024,0.8225612572867602,0.009590679600235415,0.022859630439093854,10000,/hpf/projects/lsung/phi/projects/lguo/femr-on-sk/data/evaluate/adapter_models_subsample/clmbr_stanford_cp_0.01/long_los_sql/results.pkl
clmbr_stanford_cp,0.01,readmission_sql,0.7685776787773979,0.2748487072963129,0.7815654483189366,0.0040167685926288665,0.741784827859272,0.7946534317797972,0.22971819931679796,0.3256863860884036,0.75627229527254,0.8062264839271331,0.004573483497171689,0.012552090623467684,10000,/hpf/projects/lsung/phi/projects/lguo/femr-on-sk/data/evaluate/adapter_models_subsample/clmbr_stanford_cp_0.01/readmission_sql/results.pkl
clmbr_stanford_cp,0.01,anemia_lab_sql,0.9242008904837853,0.3539292209959333,0.9185779589126698,0.005975898596736181,0.9031691226792918,0.9425598677014534,0.2776648683930249,0.4381496594764699,0.8999070008792421,0.9358348207675828,0.004411255139164615,0.009872763943921465,10000,/hpf/projects/lsung/phi/projects/lguo/femr-on-sk/data/evaluate/adapter_models_subsample/clmbr_stanford_cp_0.01/anemia_lab_sql/results.pkl
clmbr_stanford_cp,0.01,hyperkalemia_lab_sql,0.7994540000937338,0.06968241833369045,0.779623557605048,0.005332658438283847,0.7548510212590029,0.8419010335803284,0.03923201314011739,0.11935120803218997,0.7298563448306026,0.8265493405305575,0.0033836483769700133,0.008704793345572993,10000,/hpf/projects/lsung/phi/projects/lguo/femr-on-sk/data/evaluate/adapter_models_subsample/clmbr_stanford_cp_0.01/hyperkalemia_lab_sql/results.pkl
clmbr_stanford_cp,0.01,hypoglycemia_lab_sql,0.908498866382407,0.23859968702483797,0.9121867573219483,0.0032358137810816435,0.8664712452011443,0.9430190540265287,0.15882004609121952,0.35023972903435974,0.8815687455753562,0.9392580245058362,0.0020285584207037754,0.006501994118125652,10000,/hpf/projects/lsung/phi/projects/lguo/femr-on-sk/data/evaluate/adapter_models_subsample/clmbr_stanford_cp_0.01/hypoglycemia_lab_sql/results.pkl
clmbr_stanford_cp,0.01,hyponatremia_lab_sql,0.9041507645488788,0.06895601519834405,0.8999633852367876,0.0011533943118980665,0.8347636867382625,0.9646377829983239,0.013347025368517557,0.25047917516865476,0.8277052916283159,0.9586537287609075,0.000741727961144887,0.002639759278055975,10000,/hpf/projects/lsung/phi/projects/lguo/femr-on-sk/data/evaluate/adapter_models_subsample/clmbr_stanford_cp_0.01/hyponatremia_lab_sql/results.pkl
clmbr_stanford_cp,0.01,thrombocytopenia_lab_sql,0.9592569481587132,0.5083318585905409,0.9588804102380895,0.002173236671158066,0.9419291143844598,0.974334067255776,0.4153655589589827,0.6040378215937013,0.9438749633676755,0.9721344806558265,0.0015919002623812676,0.005490791376626601,10000,/hpf/projects/lsung/phi/projects/lguo/femr-on-sk/data/evaluate/adapter_models_subsample/clmbr_stanford_cp_0.01/thrombocytopenia_lab_sql/results.pkl
clmbr_sk,0.1,mortality_sql,0.9329702537182851,0.28291414216710015,0.9351252934098552,0.0014822117358233725,0.8918892229817427,0.965976198696477,0.16007803988647237,0.4584628894606604,0.8998026805262388,0.9643744520538129,0.0008045668216575257,0.0036519744268603003,10000,/hpf/projects/lsung/phi/projects/lguo/femr-on-sk/data/evaluate/adapter_models_subsample/clmbr_sk_0.1/mortality_sql/results.pkl
clmbr_sk,0.1,long_los_sql,0.8172382548876838,0.48382371454167133,0.8074484476916461,0.009577422664893238,0.8026076224632428,0.8317815708391051,0.450073809365189,0.5199025731547008,0.7915956673440583,0.8229009128781808,0.007610223965564387,0.019863633175265235,10000,/hpf/projects/lsung/phi/projects/lguo/femr-on-sk/data/evaluate/adapter_models_subsample/clmbr_sk_0.1/long_los_sql/results.pkl
clmbr_sk,0.1,readmission_sql,0.7803573577408156,0.3070212691093861,0.7974978113583404,0.007510087460562663,0.7527628133921392,0.8069082050878683,0.25857871537993415,0.3578718729994142,0.7726258233153572,0.820957759119579,0.005597313403118006,0.014852514544541765,10000,/hpf/projects/lsung/phi/projects/lguo/femr-on-sk/data/evaluate/adapter_models_subsample/clmbr_sk_0.1/readmission_sql/results.pkl
clmbr_sk,0.1,anemia_lab_sql,0.9021405312523734,0.294840787838606,0.8966979201646372,0.004866813523475235,0.8787634743991234,0.9237750111732138,0.22743640051308442,0.37722159547991085,0.8746413565048752,0.9169646744668292,0.0037619744443528704,0.009475295838811593,10000,/hpf/projects/lsung/phi/projects/lguo/femr-on-sk/data/evaluate/adapter_models_subsample/clmbr_sk_0.1/anemia_lab_sql/results.pkl
clmbr_sk,0.1,hyperkalemia_lab_sql,0.8174673103060411,0.06727053634423619,0.7947928794530181,0.005356113825760315,0.7778032231475973,0.8554433442194673,0.04271341376472969,0.11842238949088407,0.7494633332474371,0.8376609087304681,0.003306415443157299,0.00847613748507501,10000,/hpf/projects/lsung/phi/projects/lguo/femr-on-sk/data/evaluate/adapter_models_subsample/clmbr_sk_0.1/hyperkalemia_lab_sql/results.pkl
clmbr_sk,0.1,hypoglycemia_lab_sql,0.8938504744399557,0.23478751749242277,0.8984647725254779,0.003907437603958628,0.8536495996327298,0.9300577709278544,0.1495155612116875,0.3464983071639173,0.8646655409536721,0.9288032596848083,0.0022176411528305323,0.007215655100095694,10000,/hpf/projects/lsung/phi/projects/lguo/femr-on-sk/data/evaluate/adapter_models_subsample/clmbr_sk_0.1/hypoglycemia_lab_sql/results.pkl
clmbr_sk,0.1,hyponatremia_lab_sql,0.9177829329741325,0.043551780611413474,0.9099809455980321,0.000845745369789326,0.851491849119467,0.9682712215320909,0.015442176574042937,0.12161329508685642,0.8468948908196057,0.9615470664655283,0.000629026985464821,0.0023424666899758448,10000,/hpf/projects/lsung/phi/projects/lguo/femr-on-sk/data/evaluate/adapter_models_subsample/clmbr_sk_0.1/hyponatremia_lab_sql/results.pkl
clmbr_sk,0.1,thrombocytopenia_lab_sql,0.9395300542118157,0.46772037587658444,0.9430056648480057,0.002942466904703316,0.9154398720906162,0.9609808750820987,0.37107539402611567,0.5694285018191876,0.923627297152119,0.9604597818176244,0.0018210721384599306,0.006366920249449498,10000,/hpf/projects/lsung/phi/projects/lguo/femr-on-sk/data/evaluate/adapter_models_subsample/clmbr_sk_0.1/thrombocytopenia_lab_sql/results.pkl
clmbr_sk,0.05,mortality_sql,0.9425415573053368,0.29228233940895,0.9425814135187358,0.0018962570931716246,0.9036811380861939,0.9708134929716176,0.16210598718470245,0.4654648991420956,0.9101367557783293,0.9682974111913851,0.0008246658190014232,0.003987218749506258,10000,/hpf/projects/lsung/phi/projects/lguo/femr-on-sk/data/evaluate/adapter_models_subsample/clmbr_sk_0.05/mortality_sql/results.pkl
clmbr_sk,0.05,long_los_sql,0.8009203915218565,0.4477313035173893,0.7882393208544796,0.010584489364282775,0.7856697140464479,0.8159542782338326,0.4140782963777348,0.48291232914873905,0.7718301947925431,0.8041853766588443,0.009034073600962665,0.021831531308735004,10000,/hpf/projects/lsung/phi/projects/lguo/femr-on-sk/data/evaluate/adapter_models_subsample/clmbr_sk_0.05/long_los_sql/results.pkl
clmbr_sk,0.05,readmission_sql,0.7626849491572094,0.2764852739875947,0.7810076253950905,0.00852380099678372,0.7334761187858698,0.7896978869183815,0.23079456179805785,0.32887036328939623,0.7546909778771012,0.8054871561090368,0.0065937609954557115,0.01611672058824778,10000,/hpf/projects/lsung/phi/projects/lguo/femr-on-sk/data/evaluate/adapter_models_subsample/clmbr_sk_0.05/readmission_sql/results.pkl
clmbr_sk,0.05,anemia_lab_sql,0.9055118857750436,0.28152856516262226,0.8993480366951353,0.004909283524478313,0.8808960853949105,0.92697392916266,0.2197472221869166,0.35977947906408786,0.8771115524581728,0.919640862086899,0.0038872173406831224,0.009517310745883944,10000,/hpf/projects/lsung/phi/projects/lguo/femr-on-sk/data/evaluate/adapter_models_subsample/clmbr_sk_0.05/anemia_lab_sql/results.pkl
clmbr_sk,0.05,hyperkalemia_lab_sql,0.8155363921825936,0.06355073936804569,0.7918431874146248,0.005544173606300304,0.7742758043014443,0.8542710972463505,0.041267963358696126,0.11074191984542298,0.746203743899145,0.8358080237449264,0.0035689574820699007,0.008760650347401523,10000,/hpf/projects/lsung/phi/projects/lguo/femr-on-sk/data/evaluate/adapter_models_subsample/clmbr_sk_0.05/hyperkalemia_lab_sql/results.pkl
clmbr_sk,0.05,hypoglycemia_lab_sql,0.8657899401935081,0.19570090759521994,0.8739632512456998,0.002540195365624533,0.8184625774343804,0.9091899049850517,0.11904045458627215,0.2969340039718026,0.8360594391436543,0.9093875987354851,0.0017192663070782924,0.006222786813213071,10000,/hpf/projects/lsung/phi/projects/lguo/femr-on-sk/data/evaluate/adapter_models_subsample/clmbr_sk_0.05/hypoglycemia_lab_sql/results.pkl
clmbr_sk,0.05,hyponatremia_lab_sql,0.9070318541245728,0.0484568752684373,0.8990105630069599,0.0005499601543208728,0.8435844021499909,0.9613863814756672,0.012740570459215388,0.19246153983633085,0.8306847797414867,0.9563548959830424,0.0005788906971526104,0.0022085802843582747,10000,/hpf/projects/lsung/phi/projects/lguo/femr-on-sk/data/evaluate/adapter_models_subsample/clmbr_sk_0.05/hyponatremia_lab_sql/results.pkl
clmbr_sk,0.05,thrombocytopenia_lab_sql,0.9297854638378796,0.40625684229153114,0.9331876195037698,0.002839066887895454,0.9017129257216717,0.9540531280138663,0.3117046041617989,0.5061285083064961,0.9116848199982549,0.9527087599004824,0.0018686201665389863,0.006214397890263322,10000,/hpf/projects/lsung/phi/projects/lguo/femr-on-sk/data/evaluate/adapter_models_subsample/clmbr_sk_0.05/thrombocytopenia_lab_sql/results.pkl
clmbr_stanford_cp,0.1,mortality_sql,0.9555686789151356,0.36655454065407833,0.9541468476688426,0.0018958092828375624,0.9236566263407114,0.9773896685384289,0.21729126868087598,0.5334245829620387,0.9284430635439049,0.9744245008295129,0.0007266267480432288,0.003915534299594727,10000,/hpf/projects/lsung/phi/projects/lguo/femr-on-sk/data/evaluate/adapter_models_subsample/clmbr_stanford_cp_0.1/mortality_sql/results.pkl
clmbr_stanford_cp,0.1,long_los_sql,0.8234859681725477,0.5100669245460913,0.8179648389399952,0.011562127622007097,0.8089667155922169,0.8378861580883713,0.4759683827140602,0.5443322034909126,0.8027653220973777,0.8327888419115567,0.008585682398914492,0.021848845540308144,10000,/hpf/projects/lsung/phi/projects/lguo/femr-on-sk/data/evaluate/adapter_models_subsample/clmbr_stanford_cp_0.1/long_los_sql/results.pkl
clmbr_stanford_cp,0.1,readmission_sql,0.7800089646840842,0.2775876466142799,0.7904365017474615,0.00466163720113047,0.7540549110770033,0.8057369307663543,0.2336020462683929,0.32931744574521565,0.7660671668628499,0.8142323434375908,0.004495281880491564,0.012357433728022563,10000,/hpf/projects/lsung/phi/projects/lguo/femr-on-sk/data/evaluate/adapter_models_subsample/clmbr_stanford_cp_0.1/readmission_sql/results.pkl
clmbr_stanford_cp,0.1,anemia_lab_sql,0.9337334814308499,0.3921196964122728,0.9264019355597357,0.005269390707818406,0.9174684712011871,0.9485650290654233,0.31360944567561067,0.4758526033126054,0.9093868591770616,0.9420240352736993,0.003788831652920257,0.009227202473358587,10000,/hpf/projects/lsung/phi/projects/lguo/femr-on-sk/data/evaluate/adapter_models_subsample/clmbr_stanford_cp_0.1/anemia_lab_sql/results.pkl
clmbr_stanford_cp,0.1,hyperkalemia_lab_sql,0.7890753151802035,0.08472999482537845,0.7808995820206326,0.005026352494436362,0.7418661361675409,0.8341152930823706,0.04537270679316123,0.14935117928722114,0.7291622763678764,0.8287325452179596,0.0030906310012870065,0.008298195668128776,10000,/hpf/projects/lsung/phi/projects/lguo/femr-on-sk/data/evaluate/adapter_models_subsample/clmbr_stanford_cp_0.1/hyperkalemia_lab_sql/results.pkl
clmbr_stanford_cp,0.1,hypoglycemia_lab_sql,0.9096208212429673,0.2185657241465177,0.9090738009125455,0.0027343198651254962,0.8730016021184387,0.9406179646559566,0.14655706536250715,0.3272091365513936,0.8788791331918976,0.936355754602138,0.0017225850076349673,0.006153553714966056,10000,/hpf/projects/lsung/phi/projects/lguo/femr-on-sk/data/evaluate/adapter_models_subsample/clmbr_stanford_cp_0.1/hypoglycemia_lab_sql/results.pkl
clmbr_stanford_cp,0.1,hyponatremia_lab_sql,0.9408191773304398,0.06126526924461394,0.9338604603788048,0.0005391232241514417,0.8927460880845581,0.9807416215744459,0.022461132304726468,0.17242576904399282,0.8852831934891469,0.9743829635600713,0.00046201993241726133,0.0020476167576163294,10000,/hpf/projects/lsung/phi/projects/lguo/femr-on-sk/data/evaluate/adapter_models_subsample/clmbr_stanford_cp_0.1/hyponatremia_lab_sql/results.pkl
clmbr_stanford_cp,0.1,thrombocytopenia_lab_sql,0.9642868934186459,0.5145066850854517,0.9628593127803083,0.0018411061336515685,0.9481804848535054,0.977414204240274,0.41955845811583437,0.611836710619527,0.9493450909019285,0.9745253982304862,0.001430869318635439,0.005086518455910071,10000,/hpf/projects/lsung/phi/projects/lguo/femr-on-sk/data/evaluate/adapter_models_subsample/clmbr_stanford_cp_0.1/thrombocytopenia_lab_sql/results.pkl
clmbr_stanford_cp,0.4,mortality_sql,0.9677602799650042,0.4492112342347183,0.9660699922054137,0.003250801829866965,0.9431558613664247,0.9838470895046323,0.2964877834433436,0.6014179886360098,0.9453376039459725,0.9816958580960199,0.0013907136395036673,0.004995089060833613,10000,/hpf/projects/lsung/phi/projects/lguo/femr-on-sk/data/evaluate/adapter_models_subsample/clmbr_stanford_cp_0.4/mortality_sql/results.pkl
clmbr_stanford_cp,0.4,long_los_sql,0.8323749506431783,0.5253754087184,0.8268839970395215,0.012362780555512681,0.818110532265263,0.8462121351911933,0.49170965333110367,0.5590509076803808,0.8121569014704761,0.8411884005876527,0.00878586731670206,0.022446120486694195,10000,/hpf/projects/lsung/phi/projects/lguo/femr-on-sk/data/evaluate/adapter_models_subsample/clmbr_stanford_cp_0.4/long_los_sql/results.pkl
clmbr_stanford_cp,0.4,readmission_sql,0.797006657302618,0.30014260948196986,0.8027124418456888,0.008502968827530299,0.7728753683146715,0.8206968154413428,0.2532394892401203,0.352389106098725,0.779412575758678,0.8255715133188364,0.006757882266151276,0.015616211209593677,10000,/hpf/projects/lsung/phi/projects/lguo/femr-on-sk/data/evaluate/adapter_models_subsample/clmbr_stanford_cp_0.4/readmission_sql/results.pkl
clmbr_stanford_cp,0.4,anemia_lab_sql,0.9425908521303258,0.39110383171115004,0.9339693267009442,0.005250766420589228,0.92771491406461,0.9556819605170757,0.3132151989636048,0.4785520018045459,0.9182094966437672,0.94805088803008,0.0038187312278184934,0.00916370486864903,10000,/hpf/projects/lsung/phi/projects/lguo/femr-on-sk/data/evaluate/adapter_models_subsample/clmbr_stanford_cp_0.4/anemia_lab_sql/results.pkl
clmbr_stanford_cp,0.4,hyperkalemia_lab_sql,0.8122322725781507,0.06571253846299792,0.7901773316008063,0.00548489348479654,0.7723502691028008,0.8512916187957744,0.04153939204362797,0.117563622857589,0.7437222449963735,0.8348455674216906,0.003398178483707236,0.008714869881638963,10000,/hpf/projects/lsung/phi/projects/lguo/femr-on-sk/data/evaluate/adapter_models_subsample/clmbr_stanford_cp_0.4/hyperkalemia_lab_sql/results.pkl
clmbr_stanford_cp,0.4,hypoglycemia_lab_sql,0.9119603653700818,0.2272689944123498,0.9128870400233354,0.002809173810210109,0.8764670124750985,0.9434052865911857,0.15631467014370082,0.33649283546791237,0.8828289627496269,0.939673434455509,0.0017412112968971476,0.006271464728306523,10000,/hpf/projects/lsung/phi/projects/lguo/femr-on-sk/data/evaluate/adapter_models_subsample/clmbr_stanford_cp_0.4/hypoglycemia_lab_sql/results.pkl
clmbr_stanford_cp,0.4,hyponatremia_lab_sql,0.9486268053580782,0.0619305349452926,0.9357824035491673,0.0009488818499192715,0.9178876058362624,0.975388738581486,0.019117203708025613,0.2101722300508534,0.8942301642783071,0.9704106579107328,0.0006265760128324872,0.0023874549282094093,10000,/hpf/projects/lsung/phi/projects/lguo/femr-on-sk/data/evaluate/adapter_models_subsample/clmbr_stanford_cp_0.4/hyponatremia_lab_sql/results.pkl
clmbr_stanford_cp,0.4,thrombocytopenia_lab_sql,0.9695628058081258,0.5296719043970549,0.9669908652745023,0.0015341702950191938,0.9568170622192231,0.9801430221748102,0.43259392051744044,0.629222857631243,0.9550048337796967,0.9771560741980065,0.0013517547899810898,0.004871623184505807,10000,/hpf/projects/lsung/phi/projects/lguo/femr-on-sk/data/evaluate/adapter_models_subsample/clmbr_stanford_cp_0.4/thrombocytopenia_lab_sql/results.pkl
clmbr_stanford_cp,0.2,mortality_sql,0.95834208223972,0.4609794827313257,0.9591188558116598,0.0017764742871091413,0.9266194972174445,0.980650587262542,0.31008024195183487,0.607390471930004,0.9334321747677401,0.9789752989478586,0.0006818070646553979,0.0037193929965324856,10000,/hpf/projects/lsung/phi/projects/lguo/femr-on-sk/data/evaluate/adapter_models_subsample/clmbr_stanford_cp_0.2/mortality_sql/results.pkl
clmbr_stanford_cp,0.2,long_los_sql,0.8281024158579393,0.5157298555577783,0.8222036084775398,0.01299161785898802,0.8137710254690302,0.842420983469386,0.48123951632062795,0.5504552125220289,0.8071176648461145,0.8368747786464682,0.009313059936934466,0.022589164625799622,10000,/hpf/projects/lsung/phi/projects/lguo/femr-on-sk/data/evaluate/adapter_models_subsample/clmbr_stanford_cp_0.2/long_los_sql/results.pkl
clmbr_stanford_cp,0.2,readmission_sql,0.7876221149192627,0.29069911664791637,0.7973827328267113,0.005194986533500913,0.761986509146986,0.8133450378539501,0.24498553537867335,0.3427432348878615,0.7736909123932523,0.8205997849941624,0.005098288382430881,0.013266600693312305,10000,/hpf/projects/lsung/phi/projects/lguo/femr-on-sk/data/evaluate/adapter_models_subsample/clmbr_stanford_cp_0.2/readmission_sql/results.pkl
clmbr_stanford_cp,0.2,anemia_lab_sql,0.9366277910685806,0.37693447406471925,0.9273154750873385,0.004602249005740267,0.9222290278131843,0.9497551530954836,0.30136342848935604,0.4641910473114596,0.9107644678867709,0.9422204262432835,0.0038451843349552512,0.009161640156432173,10000,/hpf/projects/lsung/phi/projects/lguo/femr-on-sk/data/evaluate/adapter_models_subsample/clmbr_stanford_cp_0.2/anemia_lab_sql/results.pkl
clmbr_stanford_cp,0.2,hyperkalemia_lab_sql,0.7929301213853869,0.07471359895952556,0.7809957189170518,0.005176746028269097,0.7476221577995547,0.8362953297732949,0.04352683883085896,0.13528628319829022,0.7306181352256722,0.8283330845175686,0.0032744985450384005,0.008295412109075787,10000,/hpf/projects/lsung/phi/projects/lguo/femr-on-sk/data/evaluate/adapter_models_subsample/clmbr_stanford_cp_0.2/hyperkalemia_lab_sql/results.pkl
clmbr_stanford_cp,0.2,hypoglycemia_lab_sql,0.9148014069920414,0.22784313826156882,0.9135970501697238,0.0028978101592164905,0.880665435319109,0.944447900077124,0.15611462232939072,0.337862567350323,0.884664676710949,0.9400720023139406,0.001781622223840064,0.0061390215182084255,10000,/hpf/projects/lsung/phi/projects/lguo/femr-on-sk/data/evaluate/adapter_models_subsample/clmbr_stanford_cp_0.2/hypoglycemia_lab_sql/results.pkl
clmbr_stanford_cp,0.2,hyponatremia_lab_sql,0.9416174012821472,0.08150997890668976,0.93158689994539,0.0003820446631559478,0.9025848716263659,0.9756794889699785,0.019084976031189915,0.27348417673471176,0.8839784092478552,0.9703798833966172,0.00044075223656492865,0.0019545678127591624,10000,/hpf/projects/lsung/phi/projects/lguo/femr-on-sk/data/evaluate/adapter_models_subsample/clmbr_stanford_cp_0.2/hyponatremia_lab_sql/results.pkl
clmbr_stanford_cp,0.2,thrombocytopenia_lab_sql,0.9666524699061693,0.5231395520086087,0.9651426358222195,0.002366145070032439,0.9506945305539778,0.9791747371218115,0.4292689960027238,0.6161541655217532,0.952042517293928,0.9763293290755531,0.0014968654535599552,0.005525940564850206,10000,/hpf/projects/lsung/phi/projects/lguo/femr-on-sk/data/evaluate/adapter_models_subsample/clmbr_stanford_cp_0.2/thrombocytopenia_lab_sql/results.pkl
clmbr_sk,0.001,mortality_sql,0.8225503062117236,0.13786738091393005,0.8493250316731302,0.0025553312540722625,0.741777617122691,0.8934795254528859,0.06337600185690999,0.27554647284411654,0.78281197271861,0.9057709659982439,0.0015900934552497829,0.004993335742392291,10000,/hpf/projects/lsung/phi/projects/lguo/femr-on-sk/data/evaluate/adapter_models_subsample/clmbr_sk_0.001/mortality_sql/results.pkl
clmbr_sk,0.001,long_los_sql,0.7462036000594092,0.36116424574647954,0.730892960787657,0.009808516409559008,0.7291844107455405,0.7631634065595742,0.3314672599475243,0.39481286408736294,0.7126161260639123,0.7494344547212727,0.007708705512118435,0.02037345485038652,10000,/hpf/projects/lsung/phi/projects/lguo/femr-on-sk/data/evaluate/adapter_models_subsample/clmbr_sk_0.001/long_los_sql/results.pkl
clmbr_sk,0.001,readmission_sql,0.6774374245608171,0.15083710425536181,0.6903923412426145,0.013701108489705674,0.6453745934966979,0.7086574742066573,0.12580917812666903,0.18472746195962475,0.6611017909634973,0.7203731184730449,0.010260009684990625,0.02094060262448849,10000,/hpf/projects/lsung/phi/projects/lguo/femr-on-sk/data/evaluate/adapter_models_subsample/clmbr_sk_0.001/readmission_sql/results.pkl
clmbr_sk,0.001,anemia_lab_sql,0.8440371762740184,0.1993077444169736,0.8438722405161108,0.00587595073450708,0.8107274880824973,0.875809918094765,0.1480876851178287,0.2695549514997336,0.8134588786842886,0.8721739415900621,0.004202469928612158,0.010454764448391298,10000,/hpf/projects/lsung/phi/projects/lguo/femr-on-sk/data/evaluate/adapter_models_subsample/clmbr_sk_0.001/anemia_lab_sql/results.pkl
clmbr_sk,0.001,hyperkalemia_lab_sql,0.7250527253128368,0.037981804487329775,0.7124540151632806,0.005710297863109647,0.6643935395312539,0.7837160965048944,0.025906332932864037,0.06308690870872047,0.6584261673277642,0.7688001717361274,0.004172250519948381,0.009209511144312873,10000,/hpf/projects/lsung/phi/projects/lguo/femr-on-sk/data/evaluate/adapter_models_subsample/clmbr_sk_0.001/hyperkalemia_lab_sql/results.pkl
clmbr_sk,0.001,hypoglycemia_lab_sql,0.8018361805950791,0.09398219041484354,0.817367292371748,0.004009802887771042,0.7403896201109221,0.8590955542167721,0.059661191885024965,0.1606361461831325,0.768689858830034,0.8632683621325514,0.0026257237619058712,0.007500888097186624,10000,/hpf/projects/lsung/phi/projects/lguo/femr-on-sk/data/evaluate/adapter_models_subsample/clmbr_sk_0.001/hypoglycemia_lab_sql/results.pkl
clmbr_sk,0.001,hyponatremia_lab_sql,0.8530644316396019,0.02281998674981104,0.854256227836416,0.001415983366038222,0.727584084196401,0.9442492369808558,0.008422502935250613,0.061014878039198896,0.7624190180859304,0.9342642022823795,0.0010519934833287021,0.002919797527392252,10000,/hpf/projects/lsung/phi/projects/lguo/femr-on-sk/data/evaluate/adapter_models_subsample/clmbr_sk_0.001/hyponatremia_lab_sql/results.pkl
clmbr_sk,0.001,thrombocytopenia_lab_sql,0.8843871951823458,0.2527337558164287,0.883212847243747,0.002466843074838925,0.8526746003441525,0.9138115762689345,0.1778726754910535,0.340383402066411,0.8539551202201346,0.9102199811696039,0.002313144567329856,0.0066545084512659785,10000,/hpf/projects/lsung/phi/projects/lguo/femr-on-sk/data/evaluate/adapter_models_subsample/clmbr_sk_0.001/thrombocytopenia_lab_sql/results.pkl
clmbr_sk,0.2,mortality_sql,0.9543744531933508,0.3860744383194174,0.9541781680878019,0.0019066519018574903,0.9265112126881907,0.9767257004849123,0.2342699357861754,0.5493046633922177,0.926918906452604,0.9757467328430941,0.0007439806094415669,0.003971568269288143,10000,/hpf/projects/lsung/phi/projects/lguo/femr-on-sk/data/evaluate/adapter_models_subsample/clmbr_sk_0.2/mortality_sql/results.pkl
clmbr_sk,0.2,long_los_sql,0.8304416575198061,0.514677314082205,0.8231483252036215,0.010471382483693066,0.8160734398449183,0.8440515489644632,0.4807038627335938,0.5498286522615153,0.8081608706701835,0.8377443503751919,0.007491469008798377,0.01986557191261211,10000,/hpf/projects/lsung/phi/projects/lguo/femr-on-sk/data/evaluate/adapter_models_subsample/clmbr_sk_0.2/long_los_sql/results.pkl
clmbr_sk,0.2,readmission_sql,0.7808024390666849,0.2944252085895132,0.7956695794050295,0.007797860197957154,0.7531785049397662,0.8071879744070799,0.24642685440333761,0.34654153003869753,0.7708610771999763,0.8187705235208227,0.0062537620279147525,0.015602524705162452,10000,/hpf/projects/lsung/phi/projects/lguo/femr-on-sk/data/evaluate/adapter_models_subsample/clmbr_sk_0.2/readmission_sql/results.pkl
clmbr_sk,0.2,anemia_lab_sql,0.9275888585099111,0.3877384861114588,0.9230377990015745,0.0036864229978975814,0.9073425593556989,0.945308615177498,0.31141706155958004,0.46615520553110906,0.9047437600787418,0.9396646786288446,0.003312661562910361,0.008169442122198889,10000,/hpf/projects/lsung/phi/projects/lguo/femr-on-sk/data/evaluate/adapter_models_subsample/clmbr_sk_0.2/anemia_lab_sql/results.pkl
clmbr_sk,0.2,hyperkalemia_lab_sql,0.8165323147584009,0.07974908612325138,0.8000405696348034,0.004984651963549676,0.7756936245219975,0.8550408628326339,0.046965007127242615,0.1439872353163776,0.7533757351294282,0.8427651466488887,0.0031129818932207065,0.008135596274256498,10000,/hpf/projects/lsung/phi/projects/lguo/femr-on-sk/data/evaluate/adapter_models_subsample/clmbr_sk_0.2/hyperkalemia_lab_sql/results.pkl
clmbr_sk,0.2,hypoglycemia_lab_sql,0.9153542205096147,0.23304432300259728,0.9167172025052447,0.0038195962965854383,0.8780091831213759,0.9477449806661531,0.15574229198525236,0.33785048706332343,0.8872654865266677,0.9431225283499841,0.0020473791010472953,0.007165690305894087,10000,/hpf/projects/lsung/phi/projects/lguo/femr-on-sk/data/evaluate/adapter_models_subsample/clmbr_sk_0.2/hypoglycemia_lab_sql/results.pkl
clmbr_sk,0.2,hyponatremia_lab_sql,0.9465314674848462,0.04760483273627667,0.9336373937324689,0.0012199907397350874,0.9043751662513039,0.976797194893873,0.018957677922335475,0.12475787954529426,0.8896676945321763,0.9699312511821367,0.0006662231218367272,0.0026063542477156344,10000,/hpf/projects/lsung/phi/projects/lguo/femr-on-sk/data/evaluate/adapter_models_subsample/clmbr_sk_0.2/hyponatremia_lab_sql/results.pkl
clmbr_sk,0.2,thrombocytopenia_lab_sql,0.957488956240962,0.5097513512745159,0.9566719879370307,0.0022032116250423578,0.9409358707019391,0.9720273132498854,0.41388988151074174,0.60868950131282,0.9416827789570154,0.9701383250513026,0.0011664250277656275,0.005412559225368997,10000,/hpf/projects/lsung/phi/projects/lguo/femr-on-sk/data/evaluate/adapter_models_subsample/clmbr_sk_0.2/thrombocytopenia_lab_sql/results.pkl
clmbr_stanford_cp,0.05,mortality_sql,0.948241469816273,0.35881517026986093,0.9496974961291164,0.0015919521027585916,0.9093507934755801,0.9750106622933303,0.21133158653153128,0.5257454321219314,0.9205253063824853,0.97242062277812,0.000676728811383939,0.003704207911098927,10000,/hpf/projects/lsung/phi/projects/lguo/femr-on-sk/data/evaluate/adapter_models_subsample/clmbr_stanford_cp_0.05/mortality_sql/results.pkl
clmbr_stanford_cp,0.05,long_los_sql,0.8172654237803885,0.501554050451367,0.812756072148216,0.011750060624128164,0.8023044320256733,0.8321435312594048,0.4669885368125642,0.535285540526948,0.7973313142375287,0.8277390106931839,0.010073480960512509,0.023145655280863698,10000,/hpf/projects/lsung/phi/projects/lguo/femr-on-sk/data/evaluate/adapter_models_subsample/clmbr_stanford_cp_0.05/long_los_sql/results.pkl
clmbr_stanford_cp,0.05,readmission_sql,0.7716454294036382,0.2863789708309465,0.7874002031978133,0.0062494223911232155,0.7443028625185416,0.7980426558623143,0.2401895908803113,0.3389478558611781,0.7625361496382297,0.811843311873228,0.00553284233788716,0.014050088715042356,10000,/hpf/projects/lsung/phi/projects/lguo/femr-on-sk/data/evaluate/adapter_models_subsample/clmbr_stanford_cp_0.05/readmission_sql/results.pkl
clmbr_stanford_cp,0.05,anemia_lab_sql,0.9291267942583733,0.37341179653204043,0.9230471043571254,0.0049854947974667455,0.9097130033054739,0.9462852194663665,0.29783017940937395,0.4622481560069829,0.9054875135921203,0.9396487206705094,0.004188775846499602,0.009270109174757577,10000,/hpf/projects/lsung/phi/projects/lguo/femr-on-sk/data/evaluate/adapter_models_subsample/clmbr_stanford_cp_0.05/anemia_lab_sql/results.pkl
clmbr_stanford_cp,0.05,hyperkalemia_lab_sql,0.7925270656605895,0.07747379456169935,0.7835989243610217,0.004910544158281468,0.7428233061140167,0.8383500561167226,0.042932629275791154,0.13261856606314731,0.732521953147218,0.830879263265249,0.003156590394305028,0.008410042970224975,10000,/hpf/projects/lsung/phi/projects/lguo/femr-on-sk/data/evaluate/adapter_models_subsample/clmbr_stanford_cp_0.05/hyperkalemia_lab_sql/results.pkl
clmbr_stanford_cp,0.05,hypoglycemia_lab_sql,0.9099870310415286,0.24631940690801027,0.9130876306801907,0.003365899093069724,0.8701768829080331,0.9431802170878201,0.1656896880787316,0.36523236166817646,0.8830000479095228,0.9403120085918262,0.0017381079047546748,0.006449139131573824,10000,/hpf/projects/lsung/phi/projects/lguo/femr-on-sk/data/evaluate/adapter_models_subsample/clmbr_stanford_cp_0.05/hypoglycemia_lab_sql/results.pkl
clmbr_stanford_cp,0.05,hyponatremia_lab_sql,0.931464990396368,0.11107449326450566,0.9220729246112912,0.0007959340950354335,0.8844992262819706,0.9715787148495312,0.016694795132917675,0.29197367143026826,0.8677174100260541,0.9664477795154082,0.0005589601451314043,0.0022304511979744698,10000,/hpf/projects/lsung/phi/projects/lguo/femr-on-sk/data/evaluate/adapter_models_subsample/clmbr_stanford_cp_0.05/hyponatremia_lab_sql/results.pkl
clmbr_stanford_cp,0.05,thrombocytopenia_lab_sql,0.9671774198873504,0.5221468359959268,0.9648354456736176,0.0010638376324581449,0.9541214486079831,0.978448716830347,0.42708953852830944,0.6193698515547271,0.9524827361807952,0.9755447491864315,0.001114586846324518,0.004654165819763552,10000,/hpf/projects/lsung/phi/projects/lguo/femr-on-sk/data/evaluate/adapter_models_subsample/clmbr_stanford_cp_0.05/thrombocytopenia_lab_sql/results.pkl
clmbr_stanford_cp,0.8,mortality_sql,0.9613254593175853,0.40652969283440626,0.9611097951955198,0.002238291274743312,0.9302931064482718,0.9817546671477703,0.252793668761772,0.5646767311587814,0.9363412346020307,0.9794878171938894,0.0009281003373419832,0.004301202682044188,10000,/hpf/projects/lsung/phi/projects/lguo/femr-on-sk/data/evaluate/adapter_models_subsample/clmbr_stanford_cp_0.8/mortality_sql/results.pkl
clmbr_stanford_cp,0.8,long_los_sql,0.8385898348493575,0.5355550463794054,0.833253230544568,0.012210554652298242,0.8244356091378147,0.8524633977333396,0.5009965288131342,0.5710509557814332,0.8189909817972855,0.8474749367986714,0.009081647304557188,0.022302559269984625,10000,/hpf/projects/lsung/phi/projects/lguo/femr-on-sk/data/evaluate/adapter_models_subsample/clmbr_stanford_cp_0.8/long_los_sql/results.pkl
clmbr_stanford_cp,0.8,readmission_sql,0.8105367092252695,0.3154605668031313,0.8155981921808969,0.00527802125149578,0.7862273094708744,0.8339044528550181,0.26784837281187207,0.36693645264673247,0.7927962989264171,0.8374843061084478,0.004685965944855941,0.013124060118670034,10000,/hpf/projects/lsung/phi/projects/lguo/femr-on-sk/data/evaluate/adapter_models_subsample/clmbr_stanford_cp_0.8/readmission_sql/results.pkl
clmbr_stanford_cp,0.8,anemia_lab_sql,0.9417969640009113,0.4204203377134182,0.9354357788273808,0.005393048005761793,0.9265996792942021,0.9555133244371721,0.3393773625213001,0.5077744157867718,0.9197667655182414,0.9496380837233708,0.0037401686601130045,0.00932692941441692,10000,/hpf/projects/lsung/phi/projects/lguo/femr-on-sk/data/evaluate/adapter_models_subsample/clmbr_stanford_cp_0.8/anemia_lab_sql/results.pkl
clmbr_stanford_cp,0.8,hyperkalemia_lab_sql,0.8110816890846885,0.07165351051804844,0.796474942258878,0.0048778329882232605,0.7669881131441908,0.8539446992836278,0.04504406861971447,0.12771848851558742,0.7497069963754813,0.8414023106319448,0.0029136347772235165,0.008225260447405148,10000,/hpf/projects/lsung/phi/projects/lguo/femr-on-sk/data/evaluate/adapter_models_subsample/clmbr_stanford_cp_0.8/hyperkalemia_lab_sql/results.pkl
clmbr_stanford_cp,0.8,hypoglycemia_lab_sql,0.9127697590012969,0.20429825247234962,0.9116921494357537,0.004242323197530607,0.8768757988416594,0.943979512430826,0.14291968942513675,0.3020034132938901,0.8815615947225397,0.9388946837531867,0.002125808605757067,0.007157561322164158,10000,/hpf/projects/lsung/phi/projects/lguo/femr-on-sk/data/evaluate/adapter_models_subsample/clmbr_stanford_cp_0.8/hypoglycemia_lab_sql/results.pkl
clmbr_stanford_cp,0.8,hyponatremia_lab_sql,0.944984908578413,0.11898774228990501,0.9365001930093818,0.00045492865444385025,0.9015696201394516,0.9805076437494866,0.021400113315337085,0.30777290170172683,0.8903401400760554,0.97415849646256,0.00031547198644457663,0.0018814193104586504,10000,/hpf/projects/lsung/phi/projects/lguo/femr-on-sk/data/evaluate/adapter_models_subsample/clmbr_stanford_cp_0.8/hyponatremia_lab_sql/results.pkl
clmbr_stanford_cp,0.8,thrombocytopenia_lab_sql,0.9674630058834017,0.5366584346673701,0.965579235592382,0.0007364443439396688,0.9538941265251533,0.9788618343361212,0.44264052234121354,0.6311720724944107,0.953108030163649,0.9763407327888601,0.0008553495833609723,0.00428293599307996,10000,/hpf/projects/lsung/phi/projects/lguo/femr-on-sk/data/evaluate/adapter_models_subsample/clmbr_stanford_cp_0.8/thrombocytopenia_lab_sql/results.pkl
